{
  "marketing_stripe": {
    "text": "Seja Bem Vindo!",
    "link": "",
    "background": "#000000",
    "color": "#ff00ae"
  },
  "contacts_stripe": {
    "pages": [
      {
        "title": "Sobre nós",
        "link": "/pages/sobre-nos"
      },
      {
        "title": "Central de Atendimento",
        "link": "/posts/central-de-atendimento"
      }
    ],
    "phone_wpp": true,
    "socials": true
  },
  "categories_list": {
    "featured": [],
    "random": 6,
    "full_width": true
  },
  "search_input": true
}